SampleID,Target
valid1,1
valid2,0
valid3,0
valid4,0
valid5,0
valid6,1
valid7,-1
valid8,0
valid9,0
valid10,1
valid11,0
valid12,0
valid13,0
valid14,0
valid15,0
valid16,1
valid17,0
valid18,0
valid19,-1
valid20,-1
valid21,1
valid22,0
valid23,0
valid24,0
valid25,0
valid26,0
valid27,0
valid28,1
valid29,0
valid30,-1
valid31,1
valid32,0
valid33,0
valid34,0
valid35,0
valid36,1
valid37,-1
valid38,0
valid39,0
valid40,1
valid41,0
valid42,0
valid43,0
valid44,1
valid45,0
valid46,1
valid47,0
valid48,0
valid49,-1
valid50,0
valid51,0
valid52,-1
valid53,0
valid54,0
valid55,1
valid56,0
valid57,0
valid58,1
valid59,0
valid60,0
valid61,0
valid62,1
valid63,0
valid64,0
valid65,0
valid66,1
valid67,0
valid68,0
valid69,1
valid70,-1
valid71,0
valid72,1
valid73,0
valid74,0
valid75,0
valid76,0
valid77,0
valid78,-1
valid79,-1
valid80,0
valid81,0
valid82,1
valid83,0
valid84,0
valid85,1
valid86,0
valid87,0
valid88,1
valid89,0
valid90,-1
valid91,0
valid92,0
valid93,-1
valid94,0
valid95,-1
valid96,1
valid97,0
valid98,0
valid99,-1
valid100,0
valid101,1
valid102,0
valid103,0
valid104,0
valid105,0
valid106,-1
valid107,0
valid108,-1
valid109,-1
valid110,-1
valid111,0
valid112,0
valid113,0
valid114,-1
valid115,0
valid116,-1
valid117,0
valid118,-1
valid119,0
valid120,-1
valid121,0
valid122,0
valid123,-1
valid124,0
valid125,0
valid126,0
valid127,1
valid128,-1
valid129,0
valid130,0
valid131,1
valid132,0
valid133,0
valid134,-1
valid135,-1
valid136,-1
valid137,0
valid138,0
valid139,1
valid140,0
valid141,-1
valid142,0
valid143,0
valid144,0
valid145,0
valid146,0
valid147,0
valid148,1
valid149,1
valid150,0
valid151,0
valid152,-1
valid153,0
valid154,0
valid155,0
valid156,-1
valid157,1
valid158,1
valid159,0
valid160,0
valid161,0
valid162,-1
valid163,0
valid164,0
valid165,1
valid166,0
valid167,-1
valid168,0
valid169,0
valid170,1
valid171,1
valid172,0
valid173,0
valid174,0
valid175,0
valid176,0
valid177,1
valid178,0
valid179,0
valid180,0
valid181,-1
valid182,-1
valid183,-1
valid184,0
valid185,1
valid186,0
valid187,-1
valid188,0
valid189,0
valid190,0
valid191,0
valid192,0
valid193,0
valid194,0
valid195,-1
valid196,0
valid197,0
valid198,0
valid199,0
valid200,0
valid201,0
valid202,-1
valid203,-1
valid204,1
valid205,0
valid206,-1
valid207,0
valid208,0
valid209,1
valid210,0
valid211,0
valid212,-1
valid213,0
valid214,1
valid215,0
valid216,-1
valid217,0
valid218,1
valid219,0
valid220,1
valid221,0
valid222,1
valid223,1
valid224,0
valid225,1
valid226,1
valid227,1
valid228,1
valid229,0
valid230,0
valid231,1
valid232,0
valid233,0
valid234,0
valid235,0
valid236,1
valid237,0
valid238,-1
valid239,0
valid240,0
valid241,0
valid242,-1
valid243,1
valid244,1
valid245,0
valid246,0
valid247,1
valid248,0
valid249,0
valid250,0
valid251,1
valid252,1
valid253,0
valid254,0
valid255,0
valid256,0
valid257,0
valid258,0
valid259,1
valid260,0
valid261,1
valid262,-1
valid263,0
valid264,0
valid265,1
valid266,0
valid267,1
valid268,1
valid269,1
valid270,-1
valid271,0
valid272,1
valid273,-1
valid274,1
valid275,0
valid276,1
valid277,0
valid278,0
valid279,1
valid280,0
valid281,0
valid282,0
valid283,1
valid284,-1
valid285,0
valid286,0
valid287,0
valid288,0
valid289,0
valid290,1
valid291,0
valid292,0
valid293,-1
valid294,0
valid295,-1
valid296,-1
valid297,0
valid298,0
valid299,0
valid300,0
valid301,0
valid302,1
valid303,1
valid304,0
valid305,-1
valid306,1
valid307,-1
valid308,-1
valid309,-1
valid310,0
valid311,0
valid312,-1
valid313,-1
valid314,0
valid315,0
valid316,0
valid317,-1
valid318,1
valid319,-1
valid320,0
valid321,0
valid322,1
valid323,-1
valid324,0
valid325,0
valid326,0
valid327,1
valid328,0
valid329,0
valid330,0
valid331,1
valid332,1
valid333,0
valid334,1
valid335,0
valid336,-1
valid337,0
valid338,0
valid339,0
valid340,0
valid341,1
valid342,-1
valid343,0
valid344,0
valid345,-1
valid346,0
valid347,-1
valid348,0
valid349,0
valid350,1
valid351,1
valid352,0
valid353,0
valid354,0
valid355,0
valid356,0
valid357,0
valid358,1
valid359,0
valid360,1
valid361,1
valid362,0
valid363,0
valid364,1
valid365,0
valid366,0
valid367,-1
valid368,0
valid369,-1
valid370,0
valid371,0
valid372,-1
valid373,1
valid374,-1
valid375,-1
valid376,0
valid377,-1
valid378,0
valid379,0
valid380,0
valid381,0
valid382,0
valid383,0
valid384,0
valid385,-1
valid386,-1
valid387,0
valid388,0
valid389,0
valid390,0
valid391,0
valid392,0
valid393,0
valid394,0
valid395,0
valid396,1
valid397,0
valid398,1
valid399,1
valid400,0
valid401,0
valid402,1
valid403,0
valid404,0
valid405,1
valid406,-1
valid407,-1
valid408,0
valid409,0
valid410,0
valid411,-1
valid412,0
valid413,0
valid414,0
valid415,-1
valid416,0
valid417,-1
valid418,1
valid419,0
valid420,0
valid421,0
valid422,0
valid423,0
valid424,0
valid425,-1
valid426,0
valid427,0
valid428,0
valid429,0
valid430,0
valid431,1
valid432,0
valid433,0
valid434,0
valid435,0
valid436,0
valid437,0
valid438,1
valid439,0
valid440,1
valid441,0
valid442,1
valid443,-1
valid444,0
valid445,0
valid446,0
valid447,1
valid448,0
valid449,1
valid450,0
valid451,-1
valid452,1
valid453,0
valid454,0
valid455,0
valid456,0
valid457,1
valid458,0
valid459,-1
valid460,1
valid461,0
valid462,0
valid463,-1
valid464,0
valid465,0
valid466,0
valid467,0
valid468,0
valid469,-1
valid470,1
valid471,0
valid472,0
valid473,0
valid474,0
valid475,0
valid476,-1
valid477,0
valid478,0
valid479,0
valid480,0
valid481,-1
valid482,0
valid483,0
valid484,0
valid485,1
valid486,1
valid487,-1
valid488,0
valid489,0
valid490,1
valid491,-1
valid492,-1
valid493,0
valid494,0
valid495,0
valid496,0
valid497,0
valid498,0
valid499,1
valid500,-1
valid501,0
valid502,1
valid503,1
valid504,-1
valid505,0
valid506,1
valid507,0
valid508,0
valid509,-1
valid510,1
valid511,0
valid512,0
valid513,-1
valid514,0
valid515,0
valid516,0
valid517,0
valid518,0
valid519,0
valid520,0
valid521,0
valid522,0
valid523,-1
valid524,0
valid525,0
valid526,0
valid527,1
valid528,0
valid529,0
valid530,0
valid531,1
valid532,0
valid533,-1
valid534,0
valid535,0
valid536,0
valid537,0
valid538,0
valid539,0
valid540,1
valid541,-1
valid542,-1
valid543,0
valid544,0
valid545,-1
valid546,0
valid547,-1
valid548,-1
valid549,0
valid550,1
valid551,0
valid552,-1
valid553,0
valid554,-1
valid555,0
valid556,0
valid557,-1
valid558,1
valid559,0
valid560,0
valid561,-1
valid562,0
valid563,-1
valid564,0
valid565,0
valid566,1
valid567,-1
valid568,0
valid569,1
valid570,0
valid571,1
valid572,-1
valid573,0
valid574,-1
valid575,0
valid576,0
valid577,0
valid578,0
valid579,0
valid580,0
valid581,1
valid582,0
valid583,-1
valid584,0
valid585,0
valid586,-1
valid587,1
valid588,0
valid589,0
valid590,0
valid591,0
valid592,1
valid593,0
valid594,0
valid595,0
valid596,0
valid597,0
valid598,0
valid599,-1
valid600,0
valid601,1
valid602,0
valid603,0
valid604,0
valid605,0
valid606,1
valid607,-1
valid608,0
valid609,-1
valid610,0
valid611,0
valid612,0
valid613,0
valid614,-1
valid615,0
valid616,0
valid617,-1
valid618,0
valid619,0
valid620,-1
valid621,-1
valid622,0
valid623,0
valid624,0
valid625,0
valid626,0
valid627,-1
valid628,1
valid629,0
valid630,0
valid631,1
valid632,0
valid633,-1
valid634,-1
valid635,1
valid636,-1
valid637,0
valid638,0
valid639,1
valid640,0
valid641,1
valid642,-1
valid643,1
valid644,0
valid645,0
valid646,0
valid647,0
valid648,0
valid649,0
valid650,0
valid651,0
valid652,-1
valid653,0
valid654,0
valid655,0
valid656,0
valid657,-1
valid658,0
valid659,0
valid660,1
valid661,0
valid662,0
valid663,0
valid664,0
valid665,-1
valid666,0
valid667,0
valid668,-1
valid669,0
valid670,-1
valid671,0
valid672,1
valid673,0
valid674,-1
valid675,0
valid676,0
valid677,0
valid678,0
valid679,0
valid680,0
valid681,0
valid682,0
valid683,1
valid684,0
valid685,0
valid686,0
valid687,0
valid688,0
valid689,0
valid690,0
valid691,1
valid692,0
valid693,0
valid694,0
valid695,-1
valid696,-1
valid697,-1
valid698,-1
valid699,1
valid700,0
valid701,0
valid702,0
valid703,0
valid704,-1
valid705,0
valid706,0
valid707,-1
valid708,0
valid709,0
valid710,-1
valid711,1
valid712,-1
valid713,0
valid714,0
valid715,-1
valid716,1
valid717,0
valid718,-1
valid719,0
valid720,-1
valid721,-1
valid722,0
valid723,-1
valid724,0
valid725,0
valid726,0
valid727,0
valid728,1
valid729,0
valid730,-1
valid731,0
valid732,0
valid733,1
valid734,1
valid735,0
valid736,1
valid737,-1
valid738,0
valid739,0
valid740,1
valid741,0
valid742,1
valid743,-1
valid744,-1
valid745,0
valid746,0
valid747,0
valid748,0
valid749,-1
valid750,0
valid751,-1
valid752,1
valid753,0
valid754,1
valid755,0
valid756,0
valid757,0
valid758,1
valid759,0
valid760,0
valid761,-1
valid762,0
valid763,0
valid764,0
valid765,1
valid766,-1
valid767,-1
valid768,0
valid769,1
valid770,-1
valid771,0
valid772,1
valid773,0
valid774,0
valid775,0
valid776,0
valid777,1
valid778,0
valid779,0
valid780,1
valid781,-1
valid782,-1
valid783,0
valid784,0
valid785,0
valid786,-1
valid787,0
valid788,0
valid789,0
valid790,1
valid791,-1
valid792,0
valid793,1
valid794,-1
valid795,0
valid796,0
valid797,0
valid798,0
valid799,-1
valid800,0
valid801,0
valid802,0
valid803,0
valid804,0
valid805,-1
valid806,-1
valid807,0
valid808,0
valid809,-1
valid810,0
valid811,-1
valid812,0
valid813,0
valid814,0
valid815,0
valid816,0
valid817,0
valid818,0
valid819,1
valid820,-1
valid821,0
valid822,-1
valid823,-1
valid824,0
valid825,0
valid826,0
valid827,0
valid828,-1
valid829,1
valid830,0
valid831,0
valid832,-1
valid833,0
valid834,0
valid835,0
valid836,0
valid837,0
valid838,-1
valid839,1
valid840,-1
valid841,1
valid842,-1
valid843,1
valid844,0
valid845,1
valid846,-1
valid847,0
valid848,0
valid849,-1
valid850,0
valid851,1
valid852,-1
valid853,0
valid854,0
valid855,0
valid856,0
valid857,1
valid858,0
valid859,1
valid860,0
valid861,0
valid862,1
valid863,0
valid864,0
valid865,0
valid866,1
valid867,1
valid868,0
valid869,0
valid870,0
valid871,-1
valid872,0
valid873,0
valid874,0
valid875,0
valid876,0
valid877,0
valid878,0
valid879,0
valid880,0
valid881,0
valid882,0
valid883,0
valid884,0
valid885,1
valid886,-1
valid887,-1
valid888,0
valid889,1
valid890,0
valid891,1
valid892,0
valid893,0
valid894,1
valid895,0
valid896,0
valid897,1
valid898,0
valid899,-1
valid900,-1
valid901,0
valid902,0
valid903,0
valid904,-1
valid905,0
valid906,0
valid907,-1
valid908,0
valid909,0
valid910,-1
valid911,0
valid912,0
valid913,1
valid914,0
valid915,0
valid916,-1
valid917,0
valid918,0
valid919,0
valid920,-1
valid921,-1
valid922,0
valid923,0
valid924,-1
valid925,1
valid926,0
valid927,0
valid928,-1
valid929,-1
valid930,0
valid931,0
valid932,1
valid933,0
valid934,1
valid935,-1
valid936,0
valid937,-1
valid938,-1
valid939,0
valid940,0
valid941,0
valid942,0
valid943,0
valid944,-1
valid945,0
valid946,0
valid947,1
valid948,0
valid949,0
valid950,0
valid951,0
valid952,0
valid953,0
valid954,0
valid955,0
valid956,0
valid957,0
valid958,1
valid959,1
valid960,0
valid961,1
valid962,-1
valid963,0
valid964,0
valid965,0
valid966,-1
valid967,0
valid968,-1
valid969,1
valid970,0
valid971,0
valid972,1
valid973,-1
valid974,1
valid975,1
valid976,0
valid977,1
valid978,0
valid979,0
valid980,0
valid981,0
valid982,0
valid983,1
valid984,0
valid985,0
valid986,0
valid987,0
valid988,0
valid989,0
valid990,0
valid991,-1
valid992,0
valid993,0
valid994,0
valid995,0
valid996,-1
valid997,1
valid998,1
valid999,-1
valid1000,1
valid1001,0
valid1002,0
valid1003,-1
valid1004,-1
valid1005,-1
valid1006,-1
valid1007,-1
valid1008,0
valid1009,0
valid1010,0
valid1011,0
valid1012,0
valid1013,-1
valid1014,0
valid1015,0
valid1016,0
valid1017,-1
valid1018,0
valid1019,-1
valid1020,0
valid1021,-1
valid1022,-1
valid1023,0
valid1024,0
valid1025,0
valid1026,0
valid1027,1
valid1028,0
valid1029,-1
valid1030,0
valid1031,-1
valid1032,0
valid1033,-1
valid1034,-1
valid1035,1
valid1036,1
valid1037,-1
valid1038,-1
valid1039,0
valid1040,-1
valid1041,0
valid1042,0
valid1043,0
valid1044,-1
valid1045,-1
valid1046,0
valid1047,1
valid1048,0
valid1049,1
valid1050,0
valid1051,-1
valid1052,0
valid1053,0
valid1054,0
valid1055,0
valid1056,-1
valid1057,0
valid1058,0
valid1059,-1
valid1060,0
valid1061,0
valid1062,1
valid1063,0
valid1064,-1
valid1065,0
valid1066,-1
valid1067,-1
valid1068,0
valid1069,0
valid1070,0
valid1071,0
valid1072,0
valid1073,0
valid1074,1
valid1075,0
valid1076,1
valid1077,0
valid1078,-1
valid1079,0
valid1080,1
valid1081,-1
valid1082,1
valid1083,0
valid1084,0
valid1085,-1
valid1086,0
valid1087,0
valid1088,0
valid1089,-1
valid1090,0
valid1091,0
valid1092,1
valid1093,-1
valid1094,0
valid1095,0
valid1096,1
valid1097,1
valid1098,0
valid1099,0
valid1100,0
valid1101,-1
valid1102,1
valid1103,1
valid1104,0
valid1105,-1
valid1106,0
valid1107,1
valid1108,-1
valid1109,0
valid1110,0
valid1111,0
valid1112,1
valid1113,1
valid1114,0
valid1115,0
valid1116,0
valid1117,0
valid1118,0
valid1119,0
valid1120,1
valid1121,0
valid1122,-1
valid1123,-1
valid1124,1
valid1125,-1
valid1126,1
valid1127,0
valid1128,1
valid1129,-1
valid1130,0
valid1131,0
valid1132,0
valid1133,0
valid1134,0
valid1135,0
valid1136,0
valid1137,0
valid1138,0
valid1139,-1
valid1140,0
valid1141,0
valid1142,-1
valid1143,0
valid1144,1
valid1145,-1
valid1146,0
valid1147,0
valid1148,1
valid1149,0
valid1150,-1
valid1151,0
valid1152,1
valid1153,0
valid1154,-1
valid1155,1
valid1156,0
valid1157,-1
valid1158,0
valid1159,0
valid1160,1
valid1161,0
valid1162,0
valid1163,0
valid1164,1
valid1165,1
valid1166,0
valid1167,0
valid1168,1
valid1169,0
valid1170,1
valid1171,0
valid1172,0
valid1173,0
valid1174,0
valid1175,-1
valid1176,0
valid1177,0
valid1178,1
valid1179,0
valid1180,0
valid1181,-1
valid1182,0
valid1183,0
valid1184,-1
valid1185,0
valid1186,0
valid1187,0
valid1188,-1
valid1189,-1
valid1190,0
valid1191,1
valid1192,-1
valid1193,0
valid1194,0
valid1195,0
valid1196,1
valid1197,0
valid1198,0
valid1199,0
valid1200,0
valid1201,0
valid1202,1
valid1203,0
valid1204,-1
valid1205,-1
valid1206,0
valid1207,0
valid1208,0
valid1209,0
valid1210,1
valid1211,0
valid1212,0
valid1213,-1
valid1214,0
valid1215,0
valid1216,0
valid1217,0
valid1218,0
valid1219,1
valid1220,0
valid1221,1
valid1222,0
valid1223,0
valid1224,0
valid1225,0
valid1226,0
valid1227,0
valid1228,0
valid1229,0
valid1230,0
valid1231,-1
valid1232,1
valid1233,-1
valid1234,1
valid1235,1
valid1236,0
valid1237,0
valid1238,0
valid1239,0
valid1240,0
valid1241,1
valid1242,-1
valid1243,0
valid1244,-1
valid1245,0
valid1246,-1
valid1247,-1
valid1248,0
valid1249,-1
valid1250,0
valid1251,0
valid1252,0
valid1253,0
valid1254,0
valid1255,-1
valid1256,1
valid1257,-1
valid1258,0
valid1259,-1
valid1260,0
valid1261,0
valid1262,1
valid1263,0
valid1264,0
valid1265,-1
valid1266,0
valid1267,1
valid1268,0
valid1269,0
valid1270,-1
valid1271,1
valid1272,-1
valid1273,0
valid1274,0
valid1275,0
valid1276,0
valid1277,1
valid1278,1
valid1279,0
valid1280,0
valid1281,0
valid1282,0
valid1283,1
valid1284,-1
valid1285,0
valid1286,-1
valid1287,1
valid1288,0
valid1289,1
valid1290,1
valid1291,0
valid1292,0
valid1293,0
valid1294,0
valid1295,-1
valid1296,0
valid1297,0
valid1298,0
valid1299,1
valid1300,0
valid1301,1
valid1302,-1
valid1303,0
valid1304,0
valid1305,0
valid1306,1
valid1307,0
valid1308,0
valid1309,0
valid1310,0
valid1311,0
valid1312,0
valid1313,0
valid1314,0
valid1315,0
valid1316,0
valid1317,0
valid1318,0
valid1319,0
valid1320,0
valid1321,1
valid1322,0
valid1323,0
valid1324,-1
valid1325,-1
valid1326,0
valid1327,-1
valid1328,-1
valid1329,1
valid1330,0
valid1331,0
valid1332,0
valid1333,-1
valid1334,0
valid1335,-1
valid1336,-1
valid1337,0
valid1338,0
valid1339,0
valid1340,-1
valid1341,0
valid1342,0
valid1343,0
valid1344,1
valid1345,0
valid1346,1
valid1347,0
valid1348,0
valid1349,0
valid1350,0
valid1351,-1
valid1352,0
valid1353,-1
valid1354,0
valid1355,-1
valid1356,1
valid1357,0
valid1358,0
valid1359,0
valid1360,0
valid1361,0
valid1362,0
valid1363,0
valid1364,1
valid1365,-1
valid1366,1
valid1367,0
valid1368,-1
valid1369,0
valid1370,1
valid1371,0
valid1372,1
valid1373,0
valid1374,0
valid1375,0
valid1376,1
valid1377,0
valid1378,0
valid1379,0
valid1380,0
valid1381,0
valid1382,0
valid1383,0
valid1384,1
valid1385,1
valid1386,0
valid1387,0
valid1388,0
valid1389,0
valid1390,1
valid1391,0
valid1392,1
valid1393,0
valid1394,0
valid1395,1
valid1396,0
valid1397,-1
valid1398,0
valid1399,0
valid1400,-1
valid1401,0
valid1402,0
valid1403,0
valid1404,0
valid1405,-1
valid1406,0
valid1407,0
valid1408,0
valid1409,0
valid1410,0
valid1411,0
valid1412,0
valid1413,0
valid1414,0
valid1415,1
valid1416,-1
valid1417,0
valid1418,0
valid1419,0
valid1420,0
valid1421,-1
valid1422,-1
valid1423,-1
valid1424,0
valid1425,1
valid1426,0
valid1427,0
valid1428,-1
valid1429,0
valid1430,0
valid1431,-1
valid1432,-1
valid1433,0
valid1434,0
valid1435,1
valid1436,0
valid1437,0
valid1438,0
valid1439,1
valid1440,0
valid1441,0
valid1442,-1
valid1443,0
valid1444,1
valid1445,1
valid1446,1
valid1447,-1
valid1448,0
valid1449,1
valid1450,0
valid1451,0
valid1452,0
valid1453,0
valid1454,-1
valid1455,-1
valid1456,0
valid1457,0
valid1458,1
valid1459,0
valid1460,0
valid1461,0
valid1462,0
valid1463,1
valid1464,0
valid1465,0
valid1466,1
valid1467,0
valid1468,0
valid1469,1
valid1470,0
valid1471,0
valid1472,1
valid1473,0
valid1474,0
valid1475,0
valid1476,0
valid1477,0
valid1478,1
valid1479,-1
valid1480,-1
valid1481,-1
valid1482,0
valid1483,0
valid1484,-1
valid1485,0
valid1486,-1
valid1487,1
valid1488,0
valid1489,-1
valid1490,0
valid1491,0
valid1492,0
valid1493,1
valid1494,0
valid1495,0
valid1496,0
valid1497,-1
valid1498,0
valid1499,0
valid1500,0
valid1501,0
valid1502,0
valid1503,0
valid1504,0
valid1505,-1
valid1506,0
valid1507,0
valid1508,1
valid1509,0
valid1510,0
valid1511,0
valid1512,1
valid1513,0
valid1514,0
valid1515,0
valid1516,0
valid1517,0
valid1518,0
valid1519,0
valid1520,0
valid1521,1
valid1522,-1
valid1523,0
valid1524,0
valid1525,0
valid1526,0
valid1527,0
valid1528,0
valid1529,0
valid1530,0
valid1531,0
valid1532,0
valid1533,0
valid1534,0
valid1535,0
valid1536,0
valid1537,1
valid1538,0
valid1539,0
valid1540,0
valid1541,1
valid1542,0
valid1543,0
valid1544,0
valid1545,1
valid1546,1
valid1547,0
valid1548,0
valid1549,0
valid1550,-1
valid1551,0
valid1552,1
valid1553,0
valid1554,0
valid1555,0
valid1556,0
valid1557,1
valid1558,0
valid1559,1
valid1560,0
valid1561,0
valid1562,1
valid1563,0
valid1564,0
valid1565,-1
valid1566,-1
valid1567,0
valid1568,0
valid1569,0
valid1570,0
valid1571,0
valid1572,1
valid1573,0
valid1574,0
valid1575,0
valid1576,0
valid1577,0
valid1578,0
valid1579,-1
valid1580,0
valid1581,0
valid1582,0
valid1583,0
valid1584,0
valid1585,0
valid1586,0
valid1587,0
valid1588,-1
valid1589,0
valid1590,0
valid1591,0
valid1592,1
valid1593,0
valid1594,0
valid1595,-1
valid1596,0
valid1597,0
valid1598,0
valid1599,0
valid1600,0
valid1601,0
valid1602,0
valid1603,0
valid1604,0
valid1605,0
valid1606,0
valid1607,0
valid1608,0
valid1609,1
valid1610,-1
valid1611,1
valid1612,0
valid1613,0
valid1614,0
valid1615,-1
valid1616,0
valid1617,0
valid1618,0
valid1619,0
valid1620,0
valid1621,0
valid1622,-1
valid1623,0
valid1624,0
valid1625,-1
valid1626,0
valid1627,0
valid1628,0
valid1629,0
valid1630,1
valid1631,-1
valid1632,-1
valid1633,0
valid1634,-1
valid1635,-1
valid1636,1
valid1637,1
valid1638,-1
valid1639,0
valid1640,0
valid1641,0
valid1642,-1
valid1643,0
valid1644,-1
valid1645,0
valid1646,0
valid1647,0
valid1648,-1
valid1649,0
valid1650,0
valid1651,0
valid1652,0
valid1653,1
valid1654,0
valid1655,0
valid1656,0
valid1657,0
valid1658,0
valid1659,0
valid1660,1
valid1661,1
valid1662,0
valid1663,0
valid1664,1
valid1665,-1
valid1666,0
valid1667,0
valid1668,0
valid1669,1
valid1670,1
valid1671,0
valid1672,0
valid1673,0
valid1674,-1
valid1675,0
valid1676,0
valid1677,0
valid1678,0
valid1679,1
valid1680,0
valid1681,0
valid1682,0
valid1683,0
valid1684,0
valid1685,-1
valid1686,1
valid1687,0
valid1688,0
valid1689,0
valid1690,-1
valid1691,-1
valid1692,0
valid1693,1
valid1694,1
valid1695,-1
valid1696,0
valid1697,1
valid1698,0
valid1699,0
valid1700,0
valid1701,0
valid1702,-1
valid1703,-1
valid1704,-1
valid1705,0
valid1706,0
valid1707,-1
valid1708,0
valid1709,0
valid1710,0
valid1711,-1
valid1712,0
valid1713,0
valid1714,1
valid1715,0
valid1716,-1
valid1717,0
valid1718,1
valid1719,-1
valid1720,-1
valid1721,-1
valid1722,0
valid1723,-1
valid1724,0
valid1725,0
valid1726,0
valid1727,0
valid1728,0
valid1729,0
valid1730,-1
valid1731,-1
valid1732,-1
valid1733,1
valid1734,0
valid1735,0
valid1736,0
valid1737,-1
valid1738,0
valid1739,0
valid1740,1
valid1741,0
valid1742,-1
valid1743,0
valid1744,1
valid1745,0
valid1746,-1
valid1747,0
valid1748,1
valid1749,-1
valid1750,0
valid1751,-1
valid1752,0
valid1753,0
valid1754,0
valid1755,-1
valid1756,0
valid1757,1
valid1758,1
valid1759,0
valid1760,0
valid1761,0
valid1762,0
valid1763,1
valid1764,-1
valid1765,0
valid1766,0
valid1767,0
valid1768,0
valid1769,-1
valid1770,-1
valid1771,1
valid1772,1
valid1773,-1
valid1774,1
valid1775,0
valid1776,0
valid1777,0
valid1778,0
valid1779,1
valid1780,0
valid1781,0
valid1782,0
valid1783,0
valid1784,1
valid1785,1
valid1786,0
valid1787,0
valid1788,1
valid1789,1
valid1790,0
valid1791,1
valid1792,1
valid1793,0
valid1794,0
valid1795,0
valid1796,0
valid1797,0
valid1798,-1
valid1799,0
valid1800,0
valid1801,1
valid1802,1
valid1803,-1
valid1804,0
valid1805,0
valid1806,0
valid1807,1
valid1808,-1
valid1809,0
valid1810,0
valid1811,0
valid1812,0
valid1813,0
valid1814,0
valid1815,0
valid1816,-1
valid1817,0
valid1818,0
valid1819,-1
valid1820,1
valid1821,-1
valid1822,1
valid1823,1
valid1824,-1
valid1825,0
valid1826,-1
valid1827,0
valid1828,-1
valid1829,0
valid1830,1
valid1831,0
valid1832,1
valid1833,-1
valid1834,0
valid1835,-1
valid1836,0
valid1837,0
valid1838,0
valid1839,1
valid1840,-1
valid1841,-1
valid1842,0
valid1843,1
valid1844,0
valid1845,0
valid1846,-1
valid1847,0
valid1848,1
valid1849,0
valid1850,-1
valid1851,1
valid1852,0
valid1853,0
valid1854,0
valid1855,-1
valid1856,0
valid1857,0
valid1858,0
valid1859,-1
valid1860,1
valid1861,0
valid1862,1
valid1863,-1
valid1864,0
valid1865,-1
valid1866,0
valid1867,0
valid1868,-1
valid1869,1
valid1870,0
valid1871,-1
valid1872,0
valid1873,0
valid1874,0
valid1875,0
valid1876,-1
valid1877,0
valid1878,-1
valid1879,0
valid1880,0
valid1881,-1
valid1882,1
valid1883,1
valid1884,1
valid1885,1
valid1886,0
valid1887,-1
valid1888,0
valid1889,0
valid1890,0
valid1891,-1
valid1892,1
valid1893,0
valid1894,-1
valid1895,0
valid1896,0
valid1897,0
valid1898,0
valid1899,0
valid1900,-1
valid1901,0
valid1902,1
valid1903,0
valid1904,0
valid1905,1
valid1906,1
valid1907,1
valid1908,-1
valid1909,0
valid1910,0
valid1911,-1
valid1912,1
valid1913,1
valid1914,0
valid1915,1
valid1916,0
valid1917,-1
valid1918,0
valid1919,0
valid1920,0
valid1921,0
valid1922,0
valid1923,1
valid1924,1
valid1925,0
valid1926,1
valid1927,0
valid1928,0
valid1929,0
valid1930,0
valid1931,0
valid1932,0
valid1933,0
valid1934,1
valid1935,0
valid1936,0
valid1937,1
valid1938,-1
valid1939,0
valid1940,0
valid1941,1
valid1942,0
valid1943,0
valid1944,1
valid1945,0
valid1946,-1
valid1947,0
valid1948,0
valid1949,0
valid1950,-1
valid1951,0
valid1952,0
valid1953,0
valid1954,0
valid1955,0
valid1956,0
valid1957,-1
valid1958,0
valid1959,0
valid1960,1
valid1961,-1
valid1962,0
valid1963,-1
valid1964,0
valid1965,0
valid1966,0
valid1967,0
valid1968,0
valid1969,0
valid1970,0
valid1971,0
valid1972,1
valid1973,0
valid1974,-1
valid1975,0
valid1976,0
valid1977,1
valid1978,1
valid1979,-1
valid1980,0
valid1981,0
valid1982,1
valid1983,0
valid1984,1
valid1985,0
valid1986,0
valid1987,0
valid1988,0
valid1989,0
valid1990,1
valid1991,-1
valid1992,0
valid1993,1
valid1994,1
valid1995,-1
valid1996,0
valid1997,0
valid1998,0
valid1999,-1
valid2000,0
valid2001,-1
valid2002,0
valid2003,0
valid2004,0
valid2005,0
valid2006,1
valid2007,1
valid2008,0
valid2009,0
valid2010,0
valid2011,0
valid2012,1
valid2013,0
valid2014,0
valid2015,-1
valid2016,0
valid2017,1
valid2018,0
valid2019,1
valid2020,0
valid2021,1
valid2022,0
valid2023,0
valid2024,0
valid2025,0
valid2026,0
valid2027,0
valid2028,0
valid2029,-1
valid2030,-1
valid2031,0
valid2032,0
valid2033,0
valid2034,0
valid2035,0
valid2036,1
valid2037,0
valid2038,0
valid2039,1
valid2040,0
valid2041,-1
valid2042,-1
valid2043,-1
valid2044,0
valid2045,0
valid2046,0
valid2047,-1
valid2048,0
valid2049,0
valid2050,0
valid2051,0
valid2052,0
valid2053,0
valid2054,0
valid2055,0
valid2056,0
valid2057,0
valid2058,0
valid2059,0
valid2060,0
valid2061,0
valid2062,1
valid2063,0
valid2064,0
valid2065,0
valid2066,1
valid2067,0
valid2068,0
valid2069,-1
valid2070,-1
valid2071,0
valid2072,-1
valid2073,-1
valid2074,0
valid2075,0
valid2076,0
valid2077,-1
valid2078,0
valid2079,1
valid2080,0
valid2081,-1
valid2082,0
valid2083,0
valid2084,0
valid2085,-1
valid2086,1
valid2087,0
valid2088,-1
valid2089,-1
valid2090,0
valid2091,0
valid2092,0
valid2093,-1
valid2094,0
valid2095,0
valid2096,1
valid2097,0
valid2098,0
valid2099,0
valid2100,0
valid2101,0
valid2102,-1
valid2103,0
valid2104,0
valid2105,0
valid2106,0
valid2107,-1
valid2108,-1
valid2109,-1
valid2110,1
valid2111,1
valid2112,1
valid2113,0
valid2114,1
valid2115,-1
valid2116,-1
valid2117,1
valid2118,0
valid2119,0
valid2120,0
valid2121,-1
valid2122,0
valid2123,1
valid2124,1
valid2125,0
valid2126,0
valid2127,0
valid2128,0
valid2129,1
valid2130,1
valid2131,0
valid2132,0
valid2133,1
valid2134,0
valid2135,0
valid2136,0
valid2137,0
valid2138,0
valid2139,0
valid2140,0
valid2141,0
valid2142,0
valid2143,-1
valid2144,0
valid2145,-1
valid2146,1
valid2147,0
valid2148,0
valid2149,0
valid2150,0
valid2151,0
valid2152,0
valid2153,0
valid2154,0
valid2155,0
valid2156,0
valid2157,0
valid2158,-1
valid2159,0
valid2160,0
valid2161,-1
valid2162,0
valid2163,0
valid2164,0
valid2165,0
valid2166,0
valid2167,-1
valid2168,1
valid2169,0
valid2170,-1
valid2171,1
valid2172,0
valid2173,0
valid2174,0
valid2175,0
valid2176,0
valid2177,0
valid2178,1
valid2179,0
valid2180,0
valid2181,-1
valid2182,1
valid2183,0
valid2184,1
valid2185,0
valid2186,0
valid2187,1
valid2188,0
valid2189,1
valid2190,1
valid2191,-1
valid2192,0
valid2193,0
valid2194,0
valid2195,1
valid2196,1
valid2197,0
valid2198,0
valid2199,-1
valid2200,0
valid2201,0
valid2202,1
valid2203,-1
valid2204,-1
valid2205,0
valid2206,0
valid2207,0
valid2208,0
valid2209,1
valid2210,1
valid2211,0
valid2212,0
valid2213,1
valid2214,0
valid2215,-1
valid2216,1
valid2217,-1
valid2218,-1
valid2219,1
valid2220,1
valid2221,0
valid2222,0
valid2223,1
valid2224,0
valid2225,-1
valid2226,0
valid2227,0
valid2228,1
valid2229,0
valid2230,0
valid2231,0
valid2232,1
valid2233,0
valid2234,0
valid2235,-1
valid2236,0
valid2237,1
valid2238,1
valid2239,0
valid2240,-1
valid2241,0
valid2242,0
valid2243,0
valid2244,1
valid2245,1
valid2246,1
valid2247,0
valid2248,0
valid2249,0
valid2250,0
valid2251,1
valid2252,0
valid2253,0
valid2254,0
valid2255,-1
valid2256,0
valid2257,1
valid2258,1
valid2259,0
valid2260,-1
valid2261,0
valid2262,-1
valid2263,0
valid2264,0
valid2265,-1
valid2266,1
valid2267,0
valid2268,-1
valid2269,0
valid2270,0
valid2271,0
valid2272,0
valid2273,0
valid2274,0
valid2275,0
valid2276,0
valid2277,-1
valid2278,-1
valid2279,-1
valid2280,0
valid2281,0
valid2282,0
valid2283,-1
valid2284,-1
valid2285,0
valid2286,0
valid2287,-1
valid2288,1
valid2289,1
valid2290,0
valid2291,1
valid2292,1
valid2293,0
valid2294,0
valid2295,0
valid2296,-1
valid2297,0
valid2298,1
valid2299,1
valid2300,0
valid2301,-1
valid2302,0
valid2303,1
valid2304,-1
valid2305,1
valid2306,0
valid2307,0
valid2308,0
valid2309,-1
valid2310,0
valid2311,0
valid2312,1
valid2313,0
valid2314,0
valid2315,1
valid2316,0
valid2317,0
valid2318,0
valid2319,0
valid2320,-1
valid2321,0
valid2322,-1
valid2323,-1
valid2324,0
valid2325,0
valid2326,0
valid2327,0
valid2328,0
valid2329,-1
valid2330,0
valid2331,0
valid2332,0
valid2333,0
valid2334,-1
valid2335,0
valid2336,0
valid2337,0
valid2338,1
valid2339,0
valid2340,-1
valid2341,0
valid2342,1
valid2343,0
valid2344,0
valid2345,0
valid2346,-1
valid2347,-1
valid2348,-1
valid2349,1
valid2350,1
valid2351,-1
valid2352,0
valid2353,0
valid2354,0
valid2355,0
valid2356,1
valid2357,0
valid2358,1
valid2359,1
valid2360,-1
valid2361,0
valid2362,0
valid2363,0
valid2364,0
valid2365,-1
valid2366,1
valid2367,-1
valid2368,0
valid2369,0
valid2370,0
valid2371,1
valid2372,0
valid2373,-1
valid2374,0
valid2375,-1
valid2376,0
valid2377,0
valid2378,-1
valid2379,-1
valid2380,-1
valid2381,0
valid2382,0
valid2383,0
valid2384,0
valid2385,0
valid2386,1
valid2387,0
valid2388,0
valid2389,0
valid2390,0
valid2391,0
valid2392,0
valid2393,0
valid2394,1
valid2395,0
valid2396,0
valid2397,0
valid2398,0
valid2399,-1
valid2400,0
valid2401,1
valid2402,0
valid2403,-1
valid2404,0
valid2405,1
valid2406,1
valid2407,0
valid2408,0
valid2409,0
valid2410,-1
valid2411,1
valid2412,0
valid2413,0
valid2414,0
valid2415,0
valid2416,0
valid2417,0
valid2418,0
valid2419,1
valid2420,0
valid2421,1
valid2422,0
valid2423,1
valid2424,0
valid2425,0
valid2426,-1
valid2427,1
valid2428,0
valid2429,0
valid2430,1
valid2431,1
valid2432,0
valid2433,0
valid2434,-1
valid2435,-1
valid2436,1
valid2437,-1
valid2438,0
valid2439,0
valid2440,-1
valid2441,0
valid2442,1
valid2443,1
valid2444,-1
valid2445,0
valid2446,0
valid2447,0
valid2448,1
valid2449,-1
valid2450,-1
valid2451,1
valid2452,0
valid2453,1
valid2454,0
valid2455,0
valid2456,0
valid2457,0
valid2458,0
valid2459,1
valid2460,0
valid2461,-1
valid2462,1
valid2463,0
valid2464,-1
valid2465,0
valid2466,0
valid2467,0
valid2468,0
valid2469,0
valid2470,0
valid2471,-1
valid2472,0
valid2473,0
valid2474,1
valid2475,0
valid2476,0
valid2477,-1
valid2478,0
valid2479,0
valid2480,0
valid2481,-1
valid2482,0
valid2483,1
valid2484,0
valid2485,1
valid2486,0
valid2487,-1
valid2488,-1
valid2489,0
valid2490,0
valid2491,0
valid2492,0
valid2493,0
valid2494,0
valid2495,0
valid2496,0
valid2497,-1
valid2498,-1
valid2499,-1
valid2500,1
valid2501,0
valid2502,1
valid2503,0
valid2504,0
valid2505,1
valid2506,0
valid2507,-1
valid2508,0
valid2509,1
valid2510,0
valid2511,0
valid2512,-1
valid2513,0
valid2514,1
valid2515,0
valid2516,1
valid2517,-1
valid2518,0
valid2519,1
valid2520,0
valid2521,-1
valid2522,-1
valid2523,0
valid2524,-1
valid2525,1
valid2526,0
valid2527,1
valid2528,-1
valid2529,0
valid2530,0
valid2531,1
valid2532,1
valid2533,0
valid2534,0
valid2535,-1
valid2536,0
valid2537,1
valid2538,0
valid2539,0
valid2540,0
valid2541,0
valid2542,0
valid2543,1
valid2544,0
valid2545,-1
valid2546,-1
valid2547,1
valid2548,0
valid2549,0
valid2550,-1
valid2551,1
valid2552,-1
valid2553,0
valid2554,0
valid2555,0
valid2556,0
valid2557,1
valid2558,0
valid2559,0
valid2560,1
valid2561,0
valid2562,0
valid2563,1
valid2564,1
valid2565,0
valid2566,0
valid2567,0
valid2568,-1
valid2569,0
valid2570,0
valid2571,1
valid2572,0
valid2573,0
valid2574,1
valid2575,1
valid2576,0
valid2577,0
valid2578,1
valid2579,-1
valid2580,1
valid2581,-1
valid2582,0
valid2583,0
valid2584,0
valid2585,1
valid2586,0
valid2587,0
valid2588,-1
valid2589,0
valid2590,0
valid2591,0
valid2592,0
valid2593,-1
valid2594,-1
valid2595,1
valid2596,-1
valid2597,1
valid2598,0
valid2599,0
valid2600,0
valid2601,0
valid2602,0
valid2603,1
valid2604,1
valid2605,-1
valid2606,1
valid2607,0
valid2608,0
valid2609,1
valid2610,0
valid2611,1
valid2612,-1
valid2613,0
valid2614,0
valid2615,0
valid2616,0
valid2617,-1
valid2618,0
valid2619,-1
valid2620,0
valid2621,0
valid2622,0
valid2623,0
valid2624,0
valid2625,1
valid2626,0
valid2627,-1
valid2628,0
valid2629,1
valid2630,-1
valid2631,1
valid2632,0
valid2633,0
valid2634,-1
valid2635,-1
valid2636,-1
valid2637,0
valid2638,0
valid2639,0
valid2640,0
valid2641,-1
valid2642,1
valid2643,0
valid2644,0
valid2645,0
valid2646,1
valid2647,0
valid2648,1
valid2649,0
valid2650,0
valid2651,-1
valid2652,0
valid2653,1
valid2654,1
valid2655,-1
valid2656,0
valid2657,0
valid2658,0
valid2659,-1
valid2660,0
valid2661,0
valid2662,0
valid2663,0
valid2664,1
valid2665,-1
valid2666,0
valid2667,-1
valid2668,0
valid2669,0
valid2670,0
valid2671,-1
valid2672,0
valid2673,0
valid2674,1
valid2675,0
valid2676,0
valid2677,0
valid2678,0
valid2679,-1
valid2680,0
valid2681,0
valid2682,0
valid2683,1
valid2684,0
valid2685,-1
valid2686,1
valid2687,1
valid2688,1
valid2689,0
valid2690,0
valid2691,-1
valid2692,0
valid2693,0
valid2694,0
valid2695,-1
valid2696,0
valid2697,-1
valid2698,1
valid2699,0
valid2700,1
valid2701,-1
valid2702,0
valid2703,1
valid2704,-1
valid2705,1
valid2706,1
valid2707,0
valid2708,0
valid2709,-1
valid2710,0
valid2711,0
valid2712,0
valid2713,-1
valid2714,0
valid2715,-1
valid2716,0
valid2717,-1
valid2718,0
valid2719,0
valid2720,0
valid2721,-1
valid2722,0
valid2723,-1
valid2724,0
valid2725,0
valid2726,0
valid2727,1
valid2728,0
valid2729,0
valid2730,0
valid2731,0
valid2732,1
valid2733,0
valid2734,1
valid2735,0
valid2736,-1
valid2737,0
valid2738,-1
valid2739,-1
valid2740,1
valid2741,0
valid2742,1
valid2743,-1
valid2744,0
valid2745,0
valid2746,1
valid2747,0
valid2748,0
valid2749,0
valid2750,0
valid2751,-1
valid2752,0
valid2753,0
valid2754,0
valid2755,0
valid2756,0
valid2757,0
valid2758,0
valid2759,-1
valid2760,0
valid2761,-1
valid2762,0
valid2763,0
valid2764,-1
valid2765,-1
valid2766,0
valid2767,0
valid2768,0
valid2769,0
valid2770,0
valid2771,0
valid2772,0
valid2773,1
valid2774,1
valid2775,0
valid2776,0
valid2777,0
valid2778,1
valid2779,1
valid2780,0
valid2781,0
valid2782,0
valid2783,-1
valid2784,0
valid2785,0
valid2786,0
valid2787,0
valid2788,0
valid2789,0
valid2790,0
valid2791,0
valid2792,-1
valid2793,-1
valid2794,0
valid2795,0
valid2796,-1
valid2797,0
valid2798,-1
valid2799,-1
valid2800,0
valid2801,1
valid2802,1
valid2803,-1
valid2804,0
valid2805,0
valid2806,0
valid2807,-1
valid2808,0
valid2809,0
valid2810,0
valid2811,1
valid2812,0
valid2813,-1
valid2814,0
valid2815,1
valid2816,0
valid2817,0
valid2818,1
valid2819,1
valid2820,1
valid2821,0
valid2822,-1
valid2823,1
valid2824,0
valid2825,-1
valid2826,-1
valid2827,-1
valid2828,0
valid2829,-1
valid2830,0
valid2831,0
valid2832,-1
valid2833,1
valid2834,1
valid2835,0
valid2836,0
valid2837,0
valid2838,0
valid2839,0
valid2840,0
valid2841,1
valid2842,0
valid2843,1
valid2844,-1
valid2845,0
valid2846,0
valid2847,0
valid2848,-1
valid2849,1
valid2850,0
valid2851,1
valid2852,0
valid2853,0
valid2854,0
valid2855,0
valid2856,0
valid2857,0
valid2858,0
valid2859,0
valid2860,0
valid2861,0
valid2862,1
valid2863,0
valid2864,0
valid2865,0
valid2866,-1
valid2867,0
valid2868,0
valid2869,-1
valid2870,0
valid2871,0
valid2872,0
valid2873,0
valid2874,1
valid2875,0
valid2876,0
valid2877,-1
valid2878,-1
valid2879,0
valid2880,0
valid2881,-1
valid2882,0
valid2883,-1
valid2884,0
valid2885,-1
valid2886,0
valid2887,1
valid2888,0
valid2889,0
valid2890,0
valid2891,1
valid2892,-1
valid2893,0
valid2894,1
valid2895,-1
valid2896,0
valid2897,1
valid2898,1
valid2899,-1
valid2900,0
valid2901,0
valid2902,0
valid2903,0
valid2904,0
valid2905,0
valid2906,0
valid2907,0
valid2908,0
valid2909,0
valid2910,1
valid2911,0
valid2912,0
valid2913,-1
valid2914,0
valid2915,-1
valid2916,0
valid2917,0
valid2918,-1
valid2919,0
valid2920,0
valid2921,0
valid2922,0
valid2923,0
valid2924,-1
valid2925,0
valid2926,1
valid2927,0
valid2928,0
valid2929,1
valid2930,0
valid2931,0
valid2932,-1
valid2933,0
valid2934,0
valid2935,0
valid2936,0
valid2937,1
valid2938,-1
valid2939,-1
valid2940,0
valid2941,0
valid2942,-1
valid2943,0
valid2944,0
valid2945,0
valid2946,1
valid2947,1
valid2948,0
valid2949,0
valid2950,0
valid2951,0
valid2952,-1
valid2953,0
valid2954,1
valid2955,0
valid2956,0
valid2957,0
valid2958,1
valid2959,0
valid2960,0
valid2961,0
valid2962,0
valid2963,0
valid2964,0
valid2965,0
valid2966,0
valid2967,0
valid2968,0
valid2969,-1
valid2970,0
valid2971,0
valid2972,0
valid2973,0
valid2974,0
valid2975,1
valid2976,1
valid2977,0
valid2978,-1
valid2979,0
valid2980,-1
valid2981,0
valid2982,1
valid2983,1
valid2984,0
valid2985,0
valid2986,1
valid2987,0
valid2988,0
valid2989,-1
valid2990,0
valid2991,0
valid2992,0
valid2993,0
valid2994,0
valid2995,1
valid2996,0
valid2997,0
valid2998,-1
valid2999,1
valid3000,1
valid3001,0
valid3002,0
valid3003,0
valid3004,-1
valid3005,1
valid3006,0
valid3007,0
valid3008,0
valid3009,0
valid3010,0
valid3011,-1
valid3012,0
valid3013,0
valid3014,0
valid3015,0
valid3016,-1
valid3017,0
valid3018,0
valid3019,1
valid3020,0
valid3021,-1
valid3022,0
valid3023,1
valid3024,0
valid3025,0
valid3026,0
valid3027,0
valid3028,0
valid3029,-1
valid3030,-1
valid3031,0
valid3032,0
valid3033,0
valid3034,-1
valid3035,0
valid3036,0
valid3037,1
valid3038,0
valid3039,0
valid3040,0
valid3041,0
valid3042,-1
valid3043,0
valid3044,1
valid3045,0
valid3046,-1
valid3047,0
valid3048,1
valid3049,-1
valid3050,0
valid3051,0
valid3052,0
valid3053,0
valid3054,0
valid3055,-1
valid3056,1
valid3057,0
valid3058,0
valid3059,0
valid3060,0
valid3061,0
valid3062,1
valid3063,-1
valid3064,1
valid3065,0
valid3066,0
valid3067,0
valid3068,0
valid3069,0
valid3070,0
valid3071,1
valid3072,1
valid3073,0
valid3074,-1
valid3075,0
valid3076,0
valid3077,0
valid3078,1
valid3079,0
valid3080,1
valid3081,1
valid3082,1
valid3083,-1
valid3084,0
valid3085,0
valid3086,1
valid3087,1
valid3088,-1
valid3089,0
valid3090,1
valid3091,1
valid3092,0
valid3093,-1
valid3094,0
valid3095,-1
valid3096,0
valid3097,-1
valid3098,1
valid3099,0
valid3100,0
valid3101,0
valid3102,0
valid3103,0
valid3104,0
valid3105,0
valid3106,0
valid3107,0
valid3108,0
valid3109,0
valid3110,0
valid3111,0
valid3112,0
valid3113,0
valid3114,0
valid3115,-1
valid3116,1
valid3117,0
valid3118,0
valid3119,0
valid3120,0
valid3121,0
valid3122,0
valid3123,0
valid3124,0
valid3125,0
valid3126,0
valid3127,0
valid3128,0
valid3129,-1
valid3130,0
valid3131,1
valid3132,1
valid3133,1
valid3134,0
valid3135,0
valid3136,0
valid3137,-1
valid3138,0
valid3139,1
valid3140,-1
valid3141,0
valid3142,0
valid3143,1
valid3144,0
valid3145,0
valid3146,1
valid3147,0
valid3148,1
valid3149,0
valid3150,0
valid3151,0
valid3152,0
valid3153,1
valid3154,1
valid3155,0
valid3156,1
valid3157,0
valid3158,1
valid3159,0
valid3160,0
valid3161,0
valid3162,0
valid3163,0
valid3164,0
valid3165,-1
valid3166,0
valid3167,1
valid3168,-1
valid3169,0
valid3170,1
valid3171,0
valid3172,0
valid3173,0
valid3174,-1
valid3175,1
valid3176,0
valid3177,0
valid3178,0
valid3179,1
valid3180,-1
valid3181,-1
valid3182,0
valid3183,0
valid3184,1
valid3185,-1
valid3186,0
valid3187,1
valid3188,0
valid3189,1
valid3190,0
valid3191,-1
valid3192,1
valid3193,0
valid3194,0
valid3195,0
valid3196,1
valid3197,0
valid3198,-1
valid3199,0
valid3200,1
valid3201,0
valid3202,0
valid3203,0
valid3204,0
valid3205,0
valid3206,0
valid3207,0
valid3208,0
valid3209,1
valid3210,0
valid3211,0
valid3212,0
valid3213,0
valid3214,0
valid3215,1
valid3216,0
valid3217,0
valid3218,0
valid3219,0
valid3220,-1
valid3221,0
valid3222,0
valid3223,0
valid3224,0
valid3225,0
valid3226,0
valid3227,0
valid3228,0
valid3229,-1
valid3230,0
valid3231,1
valid3232,0
valid3233,0
valid3234,0
valid3235,-1
valid3236,-1
valid3237,1
valid3238,1
valid3239,-1
valid3240,0
valid3241,1
valid3242,0
valid3243,1
valid3244,0
valid3245,1
valid3246,1
valid3247,0
valid3248,1
valid3249,1
valid3250,1
valid3251,0
valid3252,-1
valid3253,-1
valid3254,0
valid3255,0
valid3256,1
valid3257,0
valid3258,-1
valid3259,-1
valid3260,0
valid3261,0
valid3262,0
valid3263,-1
valid3264,1
valid3265,0
valid3266,0
valid3267,-1
valid3268,-1
valid3269,0
valid3270,0
valid3271,0
valid3272,0
valid3273,0
valid3274,1
valid3275,-1
valid3276,1
valid3277,0
valid3278,0
valid3279,0
valid3280,1
valid3281,1
valid3282,1
valid3283,-1
valid3284,1
valid3285,1
valid3286,0
valid3287,1
valid3288,-1
valid3289,-1
valid3290,0
valid3291,1
valid3292,0
valid3293,0
valid3294,-1
valid3295,0
valid3296,0
valid3297,0
valid3298,0
valid3299,0
valid3300,1
valid3301,-1
valid3302,0
valid3303,1
valid3304,-1
valid3305,-1
valid3306,0
valid3307,0
valid3308,-1
valid3309,0
valid3310,-1
valid3311,0
valid3312,0
valid3313,0
valid3314,0
valid3315,0
valid3316,0
valid3317,0
valid3318,0
valid3319,-1
valid3320,-1
valid3321,0
valid3322,-1
valid3323,0
valid3324,1
valid3325,-1
valid3326,1
valid3327,-1
valid3328,-1
valid3329,1
valid3330,0
valid3331,0
valid3332,1
valid3333,-1
valid3334,-1
valid3335,0
valid3336,0
valid3337,0
valid3338,0
valid3339,0
valid3340,1
valid3341,0
valid3342,0
valid3343,-1
valid3344,1
valid3345,0
valid3346,0
valid3347,0
valid3348,0
valid3349,0
valid3350,-1
valid3351,0
valid3352,1
valid3353,0
valid3354,1
valid3355,0
valid3356,0
valid3357,0
valid3358,0
valid3359,0
valid3360,1
valid3361,-1
valid3362,0
valid3363,0
valid3364,0
valid3365,0
valid3366,0
valid3367,0
valid3368,0
valid3369,0
valid3370,0
valid3371,0
valid3372,0
valid3373,0
valid3374,0
valid3375,0
valid3376,1
valid3377,0
valid3378,0
valid3379,1
valid3380,0
valid3381,0
valid3382,1
valid3383,0
valid3384,-1
valid3385,0
valid3386,0
valid3387,0
valid3388,1
valid3389,-1
valid3390,0
valid3391,-1
valid3392,0
valid3393,0
valid3394,0
valid3395,1
valid3396,0
valid3397,0
valid3398,-1
valid3399,0
valid3400,-1
valid3401,-1
valid3402,1
valid3403,1
valid3404,-1
valid3405,1
valid3406,-1
valid3407,-1
valid3408,0
valid3409,0
valid3410,0
valid3411,0
valid3412,0
valid3413,0
valid3414,0
valid3415,1
valid3416,1
valid3417,0
valid3418,0
valid3419,1
valid3420,0
valid3421,-1
valid3422,0
valid3423,0
valid3424,0
valid3425,0
valid3426,1
valid3427,1
valid3428,1
valid3429,0
valid3430,1
valid3431,0
valid3432,0
valid3433,-1
valid3434,0
valid3435,1
valid3436,1
valid3437,-1
valid3438,1
valid3439,1
valid3440,-1
valid3441,0
valid3442,0
valid3443,0
valid3444,0
valid3445,1
valid3446,0
valid3447,1
valid3448,1
valid3449,0
valid3450,1
valid3451,0
valid3452,0
valid3453,0
valid3454,0
valid3455,-1
valid3456,0
valid3457,0
valid3458,0
valid3459,0
valid3460,0
valid3461,0
valid3462,0
valid3463,0
valid3464,-1
valid3465,0
valid3466,0
valid3467,0
valid3468,-1
valid3469,0
valid3470,0
valid3471,-1
valid3472,0
valid3473,1
valid3474,0
valid3475,0
valid3476,0
valid3477,0
valid3478,0
valid3479,-1
valid3480,1
valid3481,-1
valid3482,0
valid3483,0
valid3484,0
valid3485,-1
valid3486,1
valid3487,-1
valid3488,-1
valid3489,1
valid3490,0
valid3491,0
valid3492,0
valid3493,-1
valid3494,0
valid3495,0
valid3496,0
valid3497,-1
valid3498,0
valid3499,0
valid3500,-1
valid3501,0
valid3502,1
valid3503,0
valid3504,0
valid3505,0
valid3506,1
valid3507,1
valid3508,0
valid3509,1
valid3510,0
valid3511,1
valid3512,0
valid3513,0
valid3514,-1
valid3515,1
valid3516,0
valid3517,0
valid3518,1
valid3519,-1
valid3520,-1
valid3521,0
valid3522,0
valid3523,1
valid3524,0
valid3525,1
valid3526,0
valid3527,1
valid3528,-1
valid3529,0
valid3530,1
valid3531,-1
valid3532,0
valid3533,0
valid3534,0
valid3535,1
valid3536,0
valid3537,-1
valid3538,0
valid3539,-1
valid3540,0
valid3541,0
valid3542,0
valid3543,0
valid3544,0
valid3545,0
valid3546,-1
valid3547,0
valid3548,-1
valid3549,0
valid3550,-1
valid3551,1
valid3552,0
valid3553,0
valid3554,1
valid3555,0
valid3556,0
valid3557,0
valid3558,0
valid3559,-1
valid3560,0
valid3561,0
valid3562,0
valid3563,0
valid3564,0
valid3565,-1
valid3566,0
valid3567,0
valid3568,0
valid3569,0
valid3570,0
valid3571,0
valid3572,0
valid3573,0
valid3574,0
valid3575,0
valid3576,0
valid3577,1
valid3578,0
valid3579,0
valid3580,1
valid3581,0
valid3582,1
valid3583,0
valid3584,1
valid3585,-1
valid3586,1
valid3587,1
valid3588,0
valid3589,0
valid3590,0
valid3591,0
valid3592,0
valid3593,1
valid3594,1
valid3595,1
valid3596,0
valid3597,0
valid3598,-1
valid3599,0
valid3600,1
valid3601,1
valid3602,1
valid3603,0
valid3604,0
valid3605,0
valid3606,0
valid3607,0
valid3608,0
valid3609,0
valid3610,1
valid3611,0
valid3612,0
valid3613,0
valid3614,0
valid3615,0
valid3616,0
valid3617,-1
valid3618,0
valid3619,0
valid3620,-1
valid3621,0
valid3622,0
valid3623,-1
valid3624,1
valid3625,0
valid3626,0
valid3627,1
valid3628,0
valid3629,0
valid3630,0
valid3631,-1
valid3632,-1
valid3633,1
valid3634,1
valid3635,1
valid3636,0
valid3637,-1
valid3638,0
valid3639,0
valid3640,0
valid3641,0
valid3642,0
valid3643,1
valid3644,0
valid3645,0
valid3646,0
valid3647,0
valid3648,0
valid3649,1
valid3650,1
valid3651,0
valid3652,-1
valid3653,0
valid3654,1
valid3655,0
valid3656,-1
valid3657,0
valid3658,0
valid3659,0
valid3660,1
valid3661,-1
valid3662,0
valid3663,0
valid3664,0
valid3665,0
valid3666,0
valid3667,0
valid3668,0
valid3669,-1
valid3670,0
valid3671,1
valid3672,0
valid3673,0
valid3674,-1
valid3675,0
valid3676,0
valid3677,0
valid3678,0
valid3679,1
valid3680,1
valid3681,0
valid3682,0
valid3683,-1
valid3684,0
valid3685,0
valid3686,0
valid3687,1
valid3688,0
valid3689,0
valid3690,0
valid3691,0
valid3692,0
valid3693,0
valid3694,0
valid3695,0
valid3696,0
valid3697,0
valid3698,0
valid3699,-1
valid3700,1
valid3701,1
valid3702,1
valid3703,-1
valid3704,-1
valid3705,1
valid3706,0
valid3707,1
valid3708,0
valid3709,0
valid3710,0
valid3711,0
valid3712,1
valid3713,0
valid3714,0
valid3715,0
valid3716,0
valid3717,0
valid3718,0
valid3719,1
valid3720,0
valid3721,-1
valid3722,1
valid3723,0
valid3724,0
valid3725,1
valid3726,-1
valid3727,0
valid3728,0
valid3729,0
valid3730,-1
valid3731,0
valid3732,0
valid3733,0
valid3734,-1
valid3735,0
valid3736,0
valid3737,0
valid3738,0
valid3739,-1
valid3740,1
valid3741,0
valid3742,0
valid3743,0
valid3744,-1
valid3745,0
valid3746,0
valid3747,0
valid3748,0
valid3749,0
valid3750,0
valid3751,-1
valid3752,1
valid3753,0
valid3754,1
valid3755,0
valid3756,-1
valid3757,0
valid3758,0
valid3759,-1
valid3760,0
valid3761,0
valid3762,-1
valid3763,0
valid3764,0
valid3765,0
valid3766,0
valid3767,0
valid3768,-1
valid3769,0
valid3770,-1
valid3771,0
valid3772,0
valid3773,1
valid3774,-1
valid3775,1
valid3776,-1
valid3777,0
valid3778,1
valid3779,0
valid3780,0
valid3781,-1
valid3782,0
valid3783,0
valid3784,-1
valid3785,1
valid3786,0
valid3787,-1
valid3788,0
valid3789,0
valid3790,0
valid3791,1
valid3792,0
valid3793,1
valid3794,1
valid3795,1
valid3796,0
valid3797,-1
valid3798,-1
valid3799,0
valid3800,0
valid3801,-1
valid3802,1
valid3803,-1
valid3804,-1
valid3805,1
valid3806,0
valid3807,0
valid3808,0
valid3809,1
valid3810,0
valid3811,-1
valid3812,0
valid3813,-1
valid3814,1
valid3815,0
valid3816,0
valid3817,1
valid3818,0
valid3819,1
valid3820,0
valid3821,0
valid3822,0
valid3823,0
valid3824,0
valid3825,0
valid3826,0
valid3827,-1
valid3828,1
valid3829,-1
valid3830,1
valid3831,-1
valid3832,0
valid3833,0
valid3834,1
valid3835,0
valid3836,0
valid3837,0
valid3838,0
valid3839,-1
valid3840,0
valid3841,0
valid3842,0
valid3843,0
valid3844,-1
valid3845,-1
valid3846,-1
valid3847,1
valid3848,1
valid3849,-1
valid3850,0
valid3851,0
valid3852,0
valid3853,-1
valid3854,0
valid3855,0
valid3856,-1
valid3857,-1
valid3858,0
valid3859,-1
valid3860,1
valid3861,0
valid3862,1
valid3863,0
valid3864,0
valid3865,1
valid3866,0
valid3867,0
valid3868,-1
valid3869,1
valid3870,0
valid3871,0
valid3872,0
valid3873,0
valid3874,0
valid3875,0
valid3876,0
valid3877,0
valid3878,0
valid3879,-1
valid3880,0
valid3881,0
valid3882,0
valid3883,0
valid3884,0
valid3885,0
valid3886,-1
valid3887,1
valid3888,0
valid3889,-1
valid3890,0
valid3891,0
valid3892,0
valid3893,0
valid3894,-1
valid3895,0
valid3896,0
valid3897,0
valid3898,1
valid3899,0
valid3900,0
valid3901,1
valid3902,0
valid3903,0
valid3904,0
valid3905,1
valid3906,-1
valid3907,-1
valid3908,0
valid3909,-1
valid3910,0
valid3911,-1
valid3912,0
valid3913,-1
valid3914,-1
valid3915,1
valid3916,-1
valid3917,-1
valid3918,0
valid3919,-1
valid3920,0
valid3921,0
valid3922,1
valid3923,-1
valid3924,0
valid3925,0
valid3926,1
valid3927,1
valid3928,1
valid3929,1
valid3930,0
valid3931,0
valid3932,1
valid3933,0
valid3934,0
valid3935,0
valid3936,0
valid3937,0
valid3938,-1
valid3939,0
valid3940,0
valid3941,0
valid3942,-1
valid3943,1
valid3944,0
valid3945,0
valid3946,0
valid3947,0
valid3948,0
valid3949,-1
valid3950,-1
valid3951,1
valid3952,1
valid3953,0
valid3954,0
valid3955,1
valid3956,-1
valid3957,-1
valid3958,0
valid3959,0
valid3960,-1
valid3961,0
valid3962,-1
valid3963,0
valid3964,-1
valid3965,0
valid3966,1
valid3967,1
valid3968,0
valid3969,-1
valid3970,-1
valid3971,0
valid3972,0
valid3973,0
valid3974,0
valid3975,0
valid3976,0
valid3977,0
valid3978,0
valid3979,0
valid3980,-1
valid3981,0
valid3982,-1
valid3983,0
valid3984,-1
valid3985,0
valid3986,0
valid3987,0
valid3988,0
valid3989,1
valid3990,0
valid3991,0
valid3992,0
valid3993,1
valid3994,0
valid3995,0
valid3996,0
valid3997,0
valid3998,0
valid3999,0
valid4000,0
valid4001,0
valid4002,0
valid4003,1
valid4004,0
valid4005,0
valid4006,0
valid4007,1
valid4008,1
valid4009,1
valid4010,1
valid4011,-1
valid4012,1
valid4013,0
valid4014,0
valid4015,-1
valid4016,0
valid4017,1
valid4018,1
valid4019,0
valid4020,0
valid4021,0
valid4022,-1
valid4023,0
valid4024,0
valid4025,-1
valid4026,0
valid4027,-1
valid4028,1
valid4029,0
valid4030,0
valid4031,1
valid4032,0
valid4033,-1
valid4034,-1
valid4035,0
valid4036,0
valid4037,-1
valid4038,-1
valid4039,0
valid4040,0
valid4041,0
valid4042,-1
valid4043,0
valid4044,0
valid4045,0
valid4046,-1
valid4047,0
valid4048,0
valid4049,-1
valid4050,0
